,title
0,300年紡いだ「丹後ちりめん」を未来につなげる伝統と革新。モノづくりに関われる与謝野町暮らしの魅力
1,「この風景を失いたくない」日本一短い定期航路の船頭を急募！古い町並みで新たな取組みが進む呉市音戸町
2,奈良のへそ・黒滝村で吉野杉透かし彫り工芸を継承～森を守り伝統を受け継ぐ仕組み
3,廃校を活用した自然や食の体験施設「ユクサおおすみ海の学校」から広がる地域づくり
4,起業家目線でのサポート体制が整う、まるまるまるもりプロジェクト
5,青森・平内町の駅前でUターン者が営む小さなパン屋さん。移住農家とコラボ商品も販売
6,暮らす場所をじぶんごと化できる豊かさ。日本一小さな村で取り組む子育てとしごと
7,森林の効果を使って産業を創出し、地方を豊かにする、新たな挑戦
8,地域の現場から見る 地方創生×働き方改革の今までとこれから
9,ふるさと納税の返礼品にも！森で地域も日本も元気にする長野県信濃町の森林セラピー
10,野根川を保全し、海陽町・東洋町、2町の連携による「南四国活性化プロジェクト」
11,村民がゾンビに？！小さな村のユニークな村興し「ゾンビ村コスゲ」
12,【締め切り迫る！】地銀におけるデータ分析のアプローチを検討せよ！
13,データ利活用による地銀の課題解決にサンカク！〜オンライン開催～
14,世界の暮らしの営みを受け継いでいく「世界農業遺産」
15,福島にオーガニックコットンのあかりを灯す「コットン・ランプシェード プロジェクト」
16,東京都62区市町村、それぞれを代表する特産品が勢ぞろい！東京の特産品販売店「TOKYO GIFTS 62」がオープン
17,おうち時間のお供に、かほくらしECサイトオープン
18,地域プロモーションを考える
19,豊かな自然に囲まれて住まいの価値を見つめ直す“タイニーハウス”の小さな暮らし。
20,人とまちをつないで、ふるさと萩をもっとワクワクする場所に。
21,テレワークなら三戸町！お試しオフィス管理人がすすめる三戸暮らしの魅力
22,人が集い、つながる場所にしたい。鹿角市でボルダリングジム＆カフェ「アンロシェ」をオープン
23,首都圏と地元の親子が交流するきっかけに。シナノユキアソビ！【長野県信濃町現地ツアーレポート】
24,岩手・花巻市の食材をマッチング・PRする「花巻く、花巻。～岩手県花巻に出会う日～」が開催されました！【イベントレポート】
25,猫のアート展 商店街盛り上げ 金沢・横安江 松岡さんら作品
26,愛され１０周年 市公式キャラ とまチョップ 節目祝う記念事業を計画 人気者に成長、道外にもファン
27,震災で無人になった南相馬市小高地区。ゼロからのまちおこしが実を結ぶ
28,「明石焼きをご家庭で」と販路を拡大 新たな食文化を見据える「あかし玉子焼ひろめ隊」隊長
29,意外性が魅力生む １年余りで２０万人を集客 「むろと廃校水族館」
30,通りに活気が復活 起業支援など新たな活動も 「沼垂テラス商店街（テラスオフィス）」
31,伝統の旅館を拠点ににぎわいを 地域挙げて寺子屋も開催 「松原宿活性化協議会」
32,外国人客を呼び込め、伝統の温泉街ににぎわい 「WAKUWAKUやまのうち」
33,記憶から消えた廃線を宝に、もったいないとの思いが力 「愛岐トンネル群保存再生委員会」
34,ゆっくり走る電動バス、住民の足守る 「桐生再生」
35,伝統の景観守り、ゲストハウスに再生も 「黒江の町並みを活かした景観づくり協定＝黒江ＪＡＰＡＮ」
36,廃校を拠点に子どもたちが自然満喫 「大杉谷自然学校」
37,団地を再生、ＤＩＹでまちを元気に 「ちば地域再生リサーチ」
38,アイデア重ね、温泉街に活気 「ハットウ・オンパク」
39,「生の音楽」を街に 瀬戸内の海と空が演出
40,手作りの映画で魅力を発信、自前の劇場もオープン 「カミスガプロジェクト」
41,山の中にステージ、音楽や農業で地域に活気を 「きみかげの森」
42,徳島県に浮かぶ小さな島から生まれた帆布鞄
43,【空き家 +plus】地域の空き家が、わくわくの発信地になるように
44,東京と千葉県南房総市の二地域交流
45,【NPO農音】農業と音楽で地域を結ぶ
46,アートで地元を変えていく
47,【古民家ゲストハウス とある宿】人と地域と文化とふれあう旅づくり
48,「地域おこし協力隊」という名の生業》地方から社会を変える切り札「地域おこし協力隊」ってご存知ですか？
49,「ほんとうの熊野」を知ってもらって地方振興につなげたい！それに挑む地元ガイド・コミュニティ
50,【カミイチ かみふなかクラフト市】地元の人とモノ、人と人をつなげるクラフト市を！
51,【西湘をあそぶ会】「あそび」の持っているチカラで、人や経済を元気に！
52,【童心に蛙】自然の中でおもいっきり遊ぼう！「楽しむ」という方向から地域を活性化！
53,【山形屋台村ほっとなる横丁】屋台によるまちづくり
54,【芦川ぷらす】双子姉妹で始めた村おこし！ 都会人に第2のふるさとを作るムラオコシ。
55,【東京ひのはら村ゲストハウス へんぼり堂】すべてがつながり、つどえる「バショ」
56,【移住カフェ】日本一人口が少ない県で育った移住者と地域住民をつなぐコミュニティ
57,できることからアクションを！
58,お手本としている神山町。小さなまちから学んだ地域のあり方を鹿児島県・川辺に生かす
59,前橋〈白井屋ホテル〉で建築とアートを堪能。まちづくりの新拠点となる！
60,ニューノーマルな生活様式に寄り添う「わたしのまちのスタートアップ」
61,【ここいろ】山口県周南市。移住者から始まった、地域一体の町づくり
62,「ワーケーション」を検討するならチェック！いま話題のワーケーションを支援する自治体の取り組みまとめ〜東日本編〜
63,子どもの再出発を支援 長期欠席から学校・社会に完全復帰へ 「翼学園」
64,蔵の街並み、酒造りの伝統を生かす
65,苗木から育て、里山を花の名所に 「焼津市山の手未来の会」
66,ミカンを柱に地域づくり 「小田原柑橘倶楽部」
67,温泉街に電気バス走る 「でんき宇奈月プロジェクト」
68,サボテン生産量日本一の愛知・春日井市民は「サボテンで顔を洗う」!? 市民と一緒につくった、国産サボテンコスメブランドSABO LABO誕生
69,アフターコロナが 【地方創生】 を加速する こんな方法があった！ 驚きの作戦とは？
70,オープン1周年を迎え、ますます人気高まる山形河北町のアンテナショップ「かほくらし」
71,700人の村がひとつのホテルに。「NIPPONIA小菅 源流の村」の新棟『崖の家』オープン！
72,有明海を臨む「熊本県宇土市」自然と共につくるふるさとの景色
73,繋がりが生まれる場 「ロックヒルズガーデン」川崎の新しい集いの空間
74,オリーブ畑と美味しいごはん「オキオリーブ ガーデンカフェ」で広がるコミュニティー
75,都心から手が届く大自然「茨城県大子町」滝と温泉としゃもと
76,五感すべてで満喫「福岡県うきは市」人と森が出会うまち
77,千葉の魅力に触れる限定ショップ「千葉県アンテナショップ
78,カモミール畑が迎える癒しの宿「カミツレの宿 八寿恵荘」
79,紅花が彩る歴史が育んだ豊かな文化が息づく町「山形県河北町」
80,世界農業遺産認定！日本が誇るふるさとの暮らし「高千穂郷・椎葉山地域」
81,地域とはぐくむ しごとづくり
82,南房総市で地域おこし
83,協力隊によって町がひとつになる。富山県朝日町の「心の繋がり」と「信頼」を大事にする関係づくり
84,移住受け入れ40年の歴史をもつ色川地区で考える、
85,開拓の歴史感じる農業のまち、つがる市ってどんなまち？【地域おこし
86,移住者たちが大活躍。秋田県大館市は若者たちによって変わっていく
87,シャッター通りが数年で人が集まるエリアに変貌。新潟市「沼垂テラス商店街」高岡はつえさんが目指す故郷のありかた
88,町のアグリとアートを『Re : design』する
89,りんごでもにんにくでもなく、青森でいちご！川名さんが田子町で実践する“シェア”から始める農村ライフ
90,地産の素材を活かし、葛巻町ならではのスイーツによる新たな「味力」づくり
91,まちの観光産業を支える「くずまき高原牧場」。地域資源を活用した魅力向上を担う
92,玉山地域に人を呼び込む仕掛け人、募集！石川啄木のふるさと・玉山で活動する盛岡市地域おこし
93,伊勢神宮ゆかりの地が挑む新しい伝統づくりプロジェクト
94,田んぼアートのNEXTをつくる！弥生時代からの米どころ青森県田舎館村の取り組み
95,最果てで始まった最先端のプロジェクト！ヨソモノが漁業を変える「漁師縁組事業」とは
96,八戸のワインを世界へ！！！これから始まる「八戸ワイン産業創出プロジェクト」
97,ほしい暮らしは、自分でつくる。遊休不動産を活用したリノベーションまちづくり
98,地域づくりに魅せられて。平均年齢70歳、過疎の地域にやってきた若者の挑戦
99,手つかずの自然が残る本土最南端の町、南大隅町が取り組む観光と福祉
100,【速報】渋野日向子「67」 通算6アンダーで上位戦線へ 
101,ポケモン25周年記念で「ポケモンGO」と「ポケモンカードゲーム」のコラボが決定。第1弾として今夏，ウィロー博士のポケモンカードが登場 
102,吉田鋼太郎 62歳で女児誕生「新しい命の誕生に大きな歓びと責任を感じております」 
103,福原愛さん夫の江氏が声明「誤ったゴシップ」と断言 
104,東京都のワクチン配布、まず4月5日から世田谷・八王子へ 
105,東北新社 放送法の外資規制に違反 武田総務相 
106,Starshipがテスト飛行で着陸成功…でも爆発！ 
107,焦点：楽観砕いたコロナ変異種、免疫仮説の抜本修正必要に 
108,福岡5歳児餓死 親族が「引き取りたい」と相談、児相は会見で公表せず 
109,PCIe 4.0 SSDのスピードは？ Core H35は快適？ 新型「VAIO Z」を徹底解説（後編）（1/3 ページ） 
110,サラーの代理人が意味深ツイート…チェルシー戦での交代直後に投稿した内容とは？ 
111,〔東京株式〕大幅安＝米株下落で輸出株売り（5日前場） 差替 
112,１都３県の緊急事態宣言、再延長を政府決定へ…２１日までの２週間 
113,福島県、新たに19人新型コロナ感染確認 郡山11人、福島３人など 
114,イタリア 新型コロナワクチンの輸出を差し止め EUで初めて 
115,襲撃情報で議会周辺厳戒態勢 「武装組織が計画」との情報 
116,「ショート一本」だった中日・根尾昂はなぜ突然“外野起用”されたのか？ べた褒め与田監督の思惑とは（小西斗真） 
117,静岡放送など FRIDAY報道謝罪 
118,外為10時 円、107円台後半に下げ渋り 中値は「偏りなし」の声 
119,中国、21年成長目標「6%以上」 全人代が開幕（写真=共同） 
120,接待 NTT社長の国会招致検討
121,夫婦別姓 自民が検討PT設置
122,脳性まひ患う女性 刺され死亡
123,ひとことお礼を 消防士と再会
124,スマホ新プラン FC退会リスク
125,負傷した貴景勝 17キロ痩せる
126,終値 65円安の2万8864円
127,内閣官房コロナ室 残業378hも
128,みずほ デジタル口座移行延期
129,GoToトラベル 全国停止継続
130,文字ニュース提供終了へ JR東
131,ウィズコロナ時代に関係人口で考える地方創生③ 副業・兼業などの人材流動化により地域の活性化へ｜Glocal Mission Times (グローカルミッションタイムズ） 
132,地方創生SDGs官民連携プラットフォームへ、WakeAi（ワケアイ）が参加 
133,ヨクト、内閣府運営「地方創生SDGs官民連携プラットフォーム」一員へ 
134,「第4回 地方創生 EXPO」に出展 オンラインライブ配信も実施【2/24-26・千葉】 
135,【イベント情報】fabbit Conference 地方創生～スタートアップと自治体が描くビジネスモデル～を2月25日に開催 
136,地方創生SDGsセミナー「令和時代の地方創生～SDGsで描くサステナブルな未来予想図」を開催 
137,「地方創生SDGsの推進施策とNTTグループの取組み、展望」と題して、内閣府 北廣氏／NTT 吉原氏／ドコモ 有田氏によるセミナーを2021年4月6日（火）ＳＳＫ セミナールームにて開催!! 
138,盛岡駅西口での地方創生賃貸マンション建設に着手します 
139,【自治体向けサービス】サテライトオフィス誘致や移住促進を支援する「地方創生プロジェクト」を始動 
140,活力ある地域づくりはMaaSで 幕張メッセで「地方創生EXPO」開催 
141,再エネで地方創生に挑む地域新電力、6月に供給開始へ 出資は県内企業のみ 
142,三重県多気市に地方創生の商業施設、4月29日に開業、7月にはHIS系列の宿泊施設もオープン 
143,中村雅俊、70歳でBSテレ東新番組MC テーマは「地方創生」 
144,茨城県行方市とモリサワが地方創生とＳＤＧs推進を目指した「連携協力に関する包括協定」の締結に伴う、オンライン調印式を開催 
145,第２期地方創生総合戦略を策定 駒ケ根市 – Nagano Nippo Web 
146,地域創生のための総合情報誌『地域人』第67号特集「地方自治を考える」３月10日発売 
147,サントリーが支援 被災３県、地方創生や地域活性化 
148,群馬県と楽天、地方創生などで連携協定 
149,「孤独」担当、厚労相から坂本地方創生相に 首相が指名 
150,コロナ対策の地方創生臨時交付金 イルミネーション事業や公用車にも（NEWSポストセブン） 
151,地域共創プロジェクトのWebサイトを開設 
152,映像制作×地方創生を強みとするDRAWING AND MANUALが、「スポーツの力で、地域力を高める魔法をかける」をテーマにしたトークイベント『LOCOVISION』開催 
153,南都銀、奈良県御所市 みずほ銀と地方創生の連携協定 
154,地方国立大の定員増容認 22年度から 地方創生寄与が条件 
155,ANA、地方創生ロールモデル「徳島サテライトオフィス」紹介動画を放映 
156,広瀬知事「地方創生を前進させる」 定例大分県議会 
157,基山町で18年ぶりの分譲マンション、地方創生の新たなモデルを目指す（後）：【公式】データ・マックス NETIB-NEWS 
158,イマイチな特産品に共通するある問題 
159,［最前線］農業、ＩＴ学び地方創生…徳島県神山町 高校に科目新設／私立高専開校へ : その他連載 : 教育 : 教育・受験・就活 
160,「DMOよろず相談所」を新設。観光ベンチャーと連携して「共創型支援」を強化し、観光庁に課題解決手法の定例報告へ。 
161,【イベント情報】『氷見ベンチャーサミット』開催のお知らせ～コロナ禍における地方創生：富山県氷見市×Panasonic株式会社×ベンチャー企業等16社～ 
162,【事業創造大学院大学】 2月20日（土）に「地方創生×事業創造オンラインセミナー」 を開催 
163,【WakeAi「地方創生SDGs官民連携プラットフォーム」へ参加】他、新着トレンド2月22日：時事ドットコム 
164,明治安田生命×Ｊリーグが健康増進、地方創生で共創 
165,淡路島の地域創生整備でクラウドファンディング活用 バルニバービ 
166,アングル：統合地銀への補助金、厳格運用求める声 問われる監督姿勢 
167,地方創生事業へ１０００万円寄付／岩手・盛岡市 | IBC NEWS 
168,あめつちデザイン株式会社の地方創生コマースプラットフォーム「cocodake」、飛騨エリアにて本格運用を開始 
169,【地方創生】不動産情報サービスのアットホームが地域共創プロジェクトを本格化 
170,鬼北発展へ 町と日本郵便が協定締結 
171,【地方創生支援】日本M&amp;Aセンター、J3リーグ「FC 今治」と地方創生パートナー契約を締結 (2021年3月4日) 
172,【地方再生・創生論 203】防災と災害対応に必要な地域の力 日体大理事長 松浪健四郎 
173,日本旅行 人事異動（3月1日付） – 旅行業界・航空業界 最新情報 − 航空新聞社 
174,地方創生パートナーズネットワーク、企業や観光庁と連携し「観光地域づくり」を支援：「オンライン商談会」開催に訪日ラボも参画 
175,がん研支援継続を 知事と鶴岡市長ら、国に要望 ／山形 
176,失敗の研究、地方創生はなぜうまくいかないのか？（JBpress） 
177,地方創生SDGs国際フォーラム2021「地方創生SDGsの深化に向けて 国内外の連携を通じた持続可能な発展に向けた取組の加速化」開催報告 | SUSTAINABLE BRANDS JAPAN 
178,地方創生テレワークの好事例をご紹介！北見市無料オンラインセミナー1月26日（火）開催 
179,令和2年12月16日 まち・ひと・しごと創生会議 | 令和2年 | 総理の一日 | ニュース 
180,地方創生にESG投資引き込め 
181,INCLUSIVE株式会社が、内閣府「地域創生SDGs 官民連携プラットフォーム」に参画 地域活性化へ向けた取り組み強化を図る 
182,教育玩具の輸入・開発・販売とあそび環境開発を行う株式会社ボーネルンドとスポーツビジネスのトータルプランニングを行う株式会社トリデンテが事業提携。 
183,「地方創生」の見直しはあるか 
184,チャリロトが伊東温泉競輪場施設の所有者になります 
185,地方創生 政策アイデアコンテスト2020最終審査会において九州・沖縄ブロック選出ファイナリストの結果が発表されました 
186,三重県多気町に大型商業リゾート施設「VISON」がオープン 「三重故郷創生プロジェクト」として日本の食や文化を提供 
187,政府、地方移住へテレワーク推進 創生戦略の改定を議論 
188,検索せずにはいられない曲『時の旅人』が有線放送「問い合わせランキング」全国9位を獲得！ 
189,【にほんの里100選】地図にない「天空の村」を応援するSDGsオンラインツアー 
190,地方創生 政策アイデアコンテスト2020「九州経済産業局長賞」を決定しました 
191,化粧品ベンチャーのバルクオム 株式会社刀と資本提携 
192,地方創生臨時交付金積み増しへ、政府 コロナ拡大で 
193,ZOOMで取材可・12/13(日)地方で起業をめざす人材と地方創生最先端の自治体による共同研究成果の発表 
194,「地方創生」の現在地 分散どころか進んだ東京一極集中 [菅政権発足] 
195,国内最高層の木造ビル、国際認証を取得 仙台駅東口 
196,地方創生に身を焦がす：日経ビジネス電子版 
197,Biz-Createが日本のビジネスを変える 地方銀行と共に歩むSMBCの挑戦 
198,生き抜く地域・企業に見る、withコロナ時代の地方創生とは｜Glocal Mission Times (グローカルミッションタイムズ） 
199,基調講演に坂本内閣府特命担当大臣のご登壇決定／参加者募集中／2/27（土）開催!! 地方創生ベンチャーサミット2021 supported by KDDI 
200,新型コロナ対策の自治体支援「地方創生臨時交付金」大阪府最多 
201,行方市とモリサワが地方創生とSDGs推進を目指した「連携協力に関する包括協定」を締結 
202,全村民に商品券２万円 上小阿仁村 
203,地方創生臨時交付金サポートサービス『地方創生100』プロジェクトをスタート！脱コロナからの地域経済の再生をサポートします。 
204,地方創生をアート＆クリエイティビティで促進。宮崎県の地域商社が2020年12月9日（水）にオンライントークセッションを無料配信 
205,2020年度地方創生SDGs官民連携プラットフォーム マッチングイベントへ登壇 
206,地方国立大、22年度定員増へ 地方創生戦略を改定 
207,【関係人口】ウィズコロナ時代に関係人口で考える地方創生 
208,地方創生 政策アイデアコンテスト2020（近畿経済産業局） 
209,フラー、KDDIと地方創生を推進する業務提携を締結 
210,地方創生 女性の力が重要－坂本担当相と中家全中会長が会談 
211,内閣府地方創生推進事務局より発表された「地域未来構想20」の中で参考活動の1つとしてコミュニティナースが紹介されました。 
